pelicula,pelicula_año,episodio,link_letterboxd
A Different Man,2024,"175: Salió, como dirían los nenazis, a tirar ""factos""",https://letterboxd.com/film/a-different-man/
Abraço de Mãe,2024,174: Una Lindsay Lohan con la peor de las ondas feat Cristian Ponce,https://letterboxd.com/film/a-mothers-embrace/
Smile 2,2024,173: Luis con lo único que es intransigente es con la droga,https://letterboxd.com/film/smile-2-2024/
It’s What’s Inside,2024,172: Es como si se hubiera muerto AJ de los Backstreet Boys,https://letterboxd.com/film/its-whats-inside/
El jockey,2024,171: Si te querés permitir una nueva experiencia subite a una bicicleta,https://letterboxd.com/film/kill-the-jockey/
Joker: Folie à Deux,2024,"170: Él hubiera visto la película de Sandra, pero ya estaba chinchudo feat. el Negro Martí",https://letterboxd.com/film/joker-folie-a-deux/
Blink Twice,2024,"169: Un Jesús basado, que tiene tilde azul en Twitter y es su propio jefe",https://letterboxd.com/film/blink-twice/
Cuckoo,2024,"168: Y Alberto le decía ""Vamos a ver la película del hachero""",https://letterboxd.com/film/cuckoo-2024/
Rebel Ridge,2024,"167: Esperemos que se estrene, no la vea nadie y se termine todo este lore",https://letterboxd.com/film/rebel-ridge/
Logan,2017,Hoy Trasnoche: Primera función,https://letterboxd.com/film/logan-2017/
Get Out,2017,Hoy Trasnoche: Segunda función,https://letterboxd.com/film/get-out-2017/
Alien: Covenant,2017,Hoy Trasnoche: Tercera función,https://letterboxd.com/film/alien-covenant/
Dirty Dancing,1987,Hoy Trasnoche: Cuarta función,https://letterboxd.com/film/dirty-dancing/
Possession,1981,Hoy Trasnoche: Cuarta función,https://letterboxd.com/film/possession/
Colossal,2016,Hoy Trasnoche: Quinta función,https://letterboxd.com/film/colossal-2016/
El bar,2017,Hoy Trasnoche: Sexta función,https://letterboxd.com/film/the-bar/
Raw,2016,Hoy Trasnoche: Séptima función,https://letterboxd.com/film/raw-2016/
It Comes at Night,2017,Hoy Trasnoche: Anteúltima función,https://letterboxd.com/film/it-comes-at-night/
Okja,2017,Hoy Trasnoche: Última función,https://letterboxd.com/film/okja/
The Beguiled,2017,3: 124 enanos en un hotel,https://letterboxd.com/film/the-beguiled-2017/
Jigsaw,2017,"4: ""Basado en una historia real""",https://letterboxd.com/film/jigsaw-2017/
American Made,2017,"4: ""Basado en una historia real""",https://letterboxd.com/film/american-made/
Murder on the Orient Express,2017,5: Empujados a la delincuencia,https://letterboxd.com/film/murder-on-the-orient-express-2017/
Paterson,2016,5: Empujados a la delincuencia,https://letterboxd.com/film/paterson/
Ingrid Goes West,2017,6: El capítulo videoclub,https://letterboxd.com/film/ingrid-goes-west/
Super Dark Times,2017,6: El capítulo videoclub,https://letterboxd.com/film/super-dark-times/
The Villainess,2017,7: Racista bien,https://letterboxd.com/film/the-villainess/
Suburbicon,2017,7: Racista bien,https://letterboxd.com/film/suburbicon/
Soy tu karma,2017,7: Racista bien,https://letterboxd.com/film/soy-tu-karma/
Happy Death Day,2017,8: Las pesadillas de Calu y Flor,https://letterboxd.com/film/happy-death-day/
Battle of the Sexes,2017,8: Las pesadillas de Calu y Flor,https://letterboxd.com/film/battle-of-the-sexes-2017/
Good Time,2017,9: Quiste dermoide sacrocoxigeo,https://letterboxd.com/film/good-time/
The Disaster Artist,2017,10: El cumple de Flor,https://letterboxd.com/film/the-disaster-artist/
Jeepers Creepers 3,2017,12: Los directores las prefieren menores,https://letterboxd.com/film/jeepers-creepers-3/
Wonder Wheel,2017,12: Los directores las prefieren menores,https://letterboxd.com/film/wonder-wheel/
"I Love You, Daddy",2017,12: Los directores las prefieren menores,https://letterboxd.com/film/i-love-you-daddy/
Desearás al hombre de tu hermana,2017,13: Desearás a la película de Pampita,https://letterboxd.com/film/desire-2017/
"I, Tonya",2017,2: Cine y represores muertos,https://letterboxd.com/film/i-tonya/
Annihilation,2018,3: SEX,https://letterboxd.com/film/annihilation/
Phantom Thread,2017,3: SEX,https://letterboxd.com/film/phantom-thread/
Ready Player One,2018,4: Cine intracorporal,https://letterboxd.com/film/ready-player-one/
The Florida Project,2017,4: Cine intracorporal,https://letterboxd.com/film/the-florida-project/
A Quiet Place,2018,5: Tumores cerebrales mutantes,https://letterboxd.com/film/a-quiet-place-2018/
Historias extraordinarias,2008,6: Un episodio de 20 minutos para una película de 4 horas,https://letterboxd.com/film/extraordinary-stories/
La Flor,2018,7: Floja de estrenos,https://letterboxd.com/film/la-flor/
Shallow Grave,1994,8: La policía agradecida,https://letterboxd.com/film/shallow-grave/
The Beach,2000,8: La policía agradecida,https://letterboxd.com/film/the-beach/
Based on a True Story,2017,9: El test Bruce Willis,https://letterboxd.com/film/based-on-a-true-story-2017/
You Were Never Really Here,2017,10: Puma de bengala,https://letterboxd.com/film/you-were-never-really-here/
Las Vegas,2018,11: Un té con los huevos,https://letterboxd.com/film/las-vegas/
Isle of Dogs,2018,12: Smell-O-Vision,https://letterboxd.com/film/isle-of-dogs-2018/
Revenge,2017,13: El duende resfriado,https://letterboxd.com/film/revenge-2017/
Hereditary,2018,14: Piñón Fijo sin maquillaje,https://letterboxd.com/film/hereditary/
Hereditary,2018,16: Gritándole a una nube,https://letterboxd.com/film/hereditary/
The Ritual,2017,15: Violencia en el bosque ATR,https://letterboxd.com/film/the-ritual-2017/
Army of Darkness,1992,17: Ayer Trasnoche: 1993,https://letterboxd.com/film/army-of-darkness/
The First Purge,2018,18: Sanguchitos de miga,https://letterboxd.com/film/the-first-purge/
Friday the 13th,1980,19: El Plusmar de Chéjov,https://letterboxd.com/film/friday-the-13th/
Bañeros 5: Lentos y cargosos,2018,20: Hoy Poronga,https://letterboxd.com/film/baneros-5-lentos-y-cargosos/
Disobedience,2017,21: Usted decide,https://letterboxd.com/film/disobedience-2017/
El Ángel,2018,22: Nenucos para empalar,https://letterboxd.com/film/el-angel-2018/
My Masterpiece,2018,23: Prejuzgando gente en una plaza,https://letterboxd.com/film/my-masterpiece/
The Tale,2018,24: El capítulo videoclub (Vol. 2),https://letterboxd.com/film/the-tale/
Beast,2017,24: El capítulo videoclub (Vol. 2),https://letterboxd.com/film/beast-2017/
Puppet Master: The Littlest Reich,2018,24: El capítulo videoclub (Vol. 2),https://letterboxd.com/film/puppet-master-the-littlest-reich/
Upgrade,2018,24: El capítulo videoclub (Vol. 2),https://letterboxd.com/film/upgrade/
To All the Boys I've Loved Before,2018,24: El capítulo videoclub (Vol. 2),https://letterboxd.com/film/to-all-the-boys-ive-loved-before/
Heavy Trip,2018,24: El capítulo videoclub (Vol. 2),https://letterboxd.com/film/heavy-trip/
The Death of Stalin,2017,24: El capítulo videoclub (Vol. 2),https://letterboxd.com/film/the-death-of-stalin/
Unsane,2018,24: El capítulo videoclub (Vol. 2),https://letterboxd.com/film/unsane/
The Meg,2018,24: El capítulo videoclub (Vol. 2),https://letterboxd.com/film/the-meg/
Everybody Knows,2018,Monjas chanchitas,https://letterboxd.com/film/everybody-knows/
The Nun,2018,Monjas chanchitas,https://letterboxd.com/film/the-nun-2018/
Summer of 84,2018,25: Ayer Trasnoche: 1984,https://letterboxd.com/film/summer-of-84/
Soledad,2018,26: Tradi,https://letterboxd.com/film/soledad-2018/
Mandy,2018,"27: John y Nico, Nico y John",https://letterboxd.com/film/mandy-2018/
A Star Is Born,2018,28: Pequeño pero mayor,https://letterboxd.com/film/a-star-is-born-2018/
El Potro: lo mejor del amor,2018,28: Pequeño pero mayor,https://letterboxd.com/film/el-potro-unstoppable/
Hold the Dark,2018,29: Casi Bruce Lee,https://letterboxd.com/film/hold-the-dark/
Sorry to Bother You,2018,29: Casi Bruce Lee,https://letterboxd.com/film/sorry-to-bother-you/
Halloween,2018,Halloween,https://letterboxd.com/film/halloween-2018/
Bohemian Rhapsody,2018,Hoy Bulsara,https://letterboxd.com/film/bohemian-rhapsody/
BlacKkKlansman,2018,Nazis malos,https://letterboxd.com/film/blackkklansman/
The Other Side of the Wind,2018,Por vía alternativa,https://letterboxd.com/film/the-other-side-of-the-wind/
The Ballad of Buster Scruggs,2018,Por vía alternativa,https://letterboxd.com/film/the-ballad-of-buster-scruggs/
First Man,2018,La luna no es una estrella,https://letterboxd.com/film/first-man/
Suspiria,2018,Espiritismo,https://letterboxd.com/film/suspiria-2018/
The Favourite,2018,Ese premio se hizo caca,https://letterboxd.com/film/the-favourite/
Green Book,2018,Jugo cadavérico,https://letterboxd.com/film/green-book/
Border,2018,Hoy Trastorrent,https://letterboxd.com/film/border-2018/
Leaving Neverland,2019,Hoy Trastorrent,https://letterboxd.com/film/leaving-neverland/
Lords of Chaos,2018,Hoy Trastorrent,https://letterboxd.com/film/lords-of-chaos/
Us,2019,A veces la tía Marta hace cosas horrorosas,https://letterboxd.com/film/us-2019/
The Dirt,2019,¿Y esta poronga?,https://letterboxd.com/film/the-dirt/
Dragged Across Concrete,2018,¿Y esta poronga?,https://letterboxd.com/film/dragged-across-concrete/
4x4,2019,"No es un bigote de Hitler, es caca",https://letterboxd.com/film/4x4/
Vox Lux,2018,"No es un bigote de Hitler, es caca",https://letterboxd.com/film/vox-lux/
They Shall Not Grow Old,2018,"No es un bigote de Hitler, es caca",https://letterboxd.com/film/they-shall-not-grow-old/
El hijo,2019,¡No puedo creer que no sea una venérea!,https://letterboxd.com/film/the-son-2019/
"Muere, monstruo, muere",2018,Muere Marvel Muere,https://letterboxd.com/film/murder-me-monster/
El cuento de las comadrejas,2019,10050 Cielo Drive,https://letterboxd.com/film/the-weasels-tale/
"Extremely Wicked, Shockingly Evil and Vile",2019,El bordado,https://letterboxd.com/film/extremely-wicked-shockingly-evil-and-vile/
Rocketman,2019,Raining Blood: El musical,https://letterboxd.com/film/rocketman-2019/
Ma,2019,Raining Blood: El musical,https://letterboxd.com/film/ma-2019/
Parchís: the Documentary,2019,Un kilo de berenjenas y un BB Sanzo,https://letterboxd.com/film/parchis-the-documentary/
mid90s,2018,Rompieron mi infancia,https://letterboxd.com/film/mid90s/
The Lion King,2019,Rompieron mi infancia,https://letterboxd.com/film/the-lion-king-2019/
Crawl,2019,Ojalá se te muera un hijo en Navidad,https://letterboxd.com/film/crawl-2019/
La Mary,1974,Ojalá se te muera un hijo en Navidad,https://letterboxd.com/film/la-mary/
Dogman,2018,Oggi a tarda notte,https://letterboxd.com/film/dogman-2018/
Booksmart,2019,Falopa mala mala falopa,https://letterboxd.com/film/booksmart/
Once Upon a Time… in Hollywood,2019,Había una vez... PORONGA,https://letterboxd.com/film/once-upon-a-time-in-hollywood/
Greta,2018,No sé si nos va a entrar todo,https://letterboxd.com/film/greta-2018/
It Chapter Two,2019,Muertos sin vida,https://letterboxd.com/film/it-chapter-two/
The Clowns,2019,Muertos sin vida,https://letterboxd.com/film/the-clowns-2019/
Teen Spirit,2018,Muertos sin vida,https://letterboxd.com/film/teen-spirit-2018/
High Life,2018,Muertos sin vida,https://letterboxd.com/film/high-life-2018/
Claudia,2019,Especial de Navidad con Sebastián De Caro,https://letterboxd.com/film/claudia-2019/
Ad Astra,2019,A dos toses,https://letterboxd.com/film/ad-astra-2019/
Initials S.G.,2019,A dos toses,https://letterboxd.com/film/initials-sg/
Midsommar,2019,Al principio es rica pero después te mata,https://letterboxd.com/film/midsommar/
Joker,2019,Straight Outta Gotham,https://letterboxd.com/film/joker-2019/
Joker,2019,Antes del trasnochecer,https://letterboxd.com/film/joker-2019/
Rambo: Last Blood,2019,Antes del trasnochecer,https://letterboxd.com/film/rambo-last-blood/
Monos,2019,Antes del trasnochecer,https://letterboxd.com/film/monos/
Parasite,2019,Es tan cierto que es verdad,https://letterboxd.com/film/parasite-2019/
Zombieland: Double Tap,2019,Hoy Poronga Vol. 2,https://letterboxd.com/film/zombieland-double-tap/
The Laundromat,2019,Hoy Poronga Vol. 2,https://letterboxd.com/film/the-laundromat-2019/
Terminator: Dark Fate,2019,Jorge Corona negro,https://letterboxd.com/film/terminator-dark-fate/
Dolemite Is My Name,2019,Jorge Corona negro,https://letterboxd.com/film/dolemite-is-my-name/
The Irishman,2019,"Qué lindo que es el cine, la concha de mi madre",https://letterboxd.com/film/the-irishman-2019/
La casa en la playa,2019,La gente pide poronga seguido,https://letterboxd.com/film/la-casa-en-la-playa/
Marriage Story,2019,Qué suerte que mi mamá murió y no tiene que escuchar esto,https://letterboxd.com/film/marriage-story-2019/
Knives Out,2019,Qué suerte que mi mamá murió y no tiene que escuchar esto,https://letterboxd.com/film/knives-out-2019/
Bombshell,2019,No estoy defendiendo a Biondini,https://letterboxd.com/film/bombshell-2019/
The Invisible Man,2020,Los perritos y la falopa,https://letterboxd.com/film/the-invisible-man-2020/
Color Out of Space,2019,Hoy Trastorrent Vol. 2,https://letterboxd.com/film/color-out-of-space/
Queen & Slim,2019,Hoy Trastorrent Vol. 2,https://letterboxd.com/film/queen-slim/
Verotika,2019,HOY CORONGA,https://letterboxd.com/film/verotika/
The Hunt,2020,Este tampoco es el episodio 100,https://letterboxd.com/film/the-hunt-2020/
Swallow,2019,One Supón a Time in Hoy Trasnoche,https://letterboxd.com/film/swallow-2019/
Roar,1981,Los leones se divierten,https://letterboxd.com/film/roar/
Portrait of a Lady on Fire,2019,EN ESTE SE HABLA DE POLANSKI,https://letterboxd.com/film/portrait-of-a-lady-on-fire/
An Officer and a Spy,2019,EN ESTE SE HABLA DE POLANSKI,https://letterboxd.com/film/an-officer-and-a-spy/
Butt Boy,2019,Caca y sangre,https://letterboxd.com/film/butt-boy/
Beastie Boys Story,2020,¿Qué carpincho sos?,https://letterboxd.com/film/beastie-boys-story/
The Lodge,2019,María Aurelia Paula Martínez Suárez,https://letterboxd.com/film/the-lodge-2019/
The Assistant,2019,La corneta fantasmagórica,https://letterboxd.com/film/the-assistant-2019/
Buffaloed,2019,Hay una dignidad en el pañal,https://letterboxd.com/film/buffaloed/
Capone,2020,Hay una dignidad en el pañal,https://letterboxd.com/film/capone-2020/
Why Don't You Just Die!,2018,Botón de desver,https://letterboxd.com/film/why-dont-you-just-die/
Intuition,2020,Botón de desver,https://letterboxd.com/film/intuition-2020/
A Good Woman Is Hard to Find,2019,El babyshower de Rosemary,https://letterboxd.com/film/a-good-woman-is-hard-to-find/
Shirley,2020,Colitis crónica,https://letterboxd.com/film/shirley-2020/
Da 5 Bloods,2020,El café de la menstruación,https://letterboxd.com/film/da-5-bloods/
Red Dawn,1984,¿PELÍCULA PROBLEMÁTICA? ¡ACÁ TENÉS PELÍCULA PROBLEMÁTICA!,https://letterboxd.com/film/red-dawn/
Babyteeth,2019,Una media llena de rulemanes,https://letterboxd.com/film/babyteeth/
Palm Springs,2020,Matrix es una poronga,https://letterboxd.com/film/palm-springs-2020/
Relic,2020,Matrix es una poronga,https://letterboxd.com/film/relic/
The Rental,2020,Elige tu propio abogado mediático,https://letterboxd.com/film/the-rental/
Host,2020,Vos Tenet que arrepentirte de lo que dijiste,https://letterboxd.com/film/host-2020/
Showgirls,1995,¡Una ardilla embalsamada con trajecito de marinero!,https://letterboxd.com/film/showgirls/
You Don't Nomi,2019,¡Una ardilla embalsamada con trajecito de marinero!,https://letterboxd.com/film/you-dont-nomi/
She Dies Tomorrow,2020,Coprófagos unidos,https://letterboxd.com/film/she-dies-tomorrow/
So Much Love to Give,2020,"""Una película original de Netflix""",https://letterboxd.com/film/so-much-love-to-give/
Unpregnant,2020,Cuando Cristian U termine la facultad,https://letterboxd.com/film/unpregnant/
Antebellum,2020,"Uf, qué fuerte, man",https://letterboxd.com/film/antebellum/
Feels Good Man,2020,ACÁ VA EL TÍTULO,https://letterboxd.com/film/feels-good-man/
The Lie,2018,El glory hole de Hoy Trasnoche,https://letterboxd.com/film/the-lie-2018/
Black Box,2020,El glory hole de Hoy Trasnoche,https://letterboxd.com/film/black-box-2020/
Evil Eye,2020,El glory hole de Hoy Trasnoche,https://letterboxd.com/film/evil-eye-2020/
Nocturne,2020,El glory hole de Hoy Trasnoche,https://letterboxd.com/film/nocturne-2020/
Borat Subsequent Moviefilm,2020,Never go full Santiago del Estero,https://letterboxd.com/film/borat-subsequent-moviefilm/
His House,2020,Bacheo y repavimentación,https://letterboxd.com/film/his-house/
Boss Level,2021,El episodio Mel Gibson,https://letterboxd.com/film/boss-level/
Fatman,2020,El episodio Mel Gibson,https://letterboxd.com/film/fatman/
Tenet,2020,AGNOROP YOH,https://letterboxd.com/film/tenet/
Mank,2020,El Ventura de Welles,https://letterboxd.com/film/mank/
Run,2020,A todos nos puede aparecer un hermano,https://letterboxd.com/film/run-2020/
Black Bear,2020,Para vos las fiestas son como Tinder,https://letterboxd.com/film/black-bear/
Nobody,2021,DANIEL NO MORE,https://letterboxd.com/film/nobody-2021/
Willy's Wonderland,2021,Mirá cómo te hago el muertito de Seven,https://letterboxd.com/film/willys-wonderland/
In the Earth,2021,La caca invisible,https://letterboxd.com/film/in-the-earth/
Oxygen,2021,Pajas en el desierto,https://letterboxd.com/film/oxygen-2021/
Violation,2020,Pajas en el desierto,https://letterboxd.com/film/violation-2020/
Seance,2021,Me atrasé con el AB/DL,https://letterboxd.com/film/seance-2021/
Spiral: From the Book of Saw,2021,Simulacro de poronga,https://letterboxd.com/film/spiral-from-the-book-of-saw/
Bo Burnham: Inside,2021,"Sí, no o tal vez",https://letterboxd.com/film/bo-burnham-inside/
The Conjuring: The Devil Made Me Do It,2021,"Sí, no o tal vez",https://letterboxd.com/film/the-conjuring-the-devil-made-me-do-it/
Shiva Baby,2020,Sin Thetans no hay paraíso,https://letterboxd.com/film/shiva-baby-2020/
Censor,2021,La fueguina más famosa (ahora sí),https://letterboxd.com/film/censor-2021/
A Quiet Place Part II,2020,¿Qué onda los monstruos y las conchas?,https://letterboxd.com/film/a-quiet-place-part-ii/
No Sudden Move,2021,Mucha labia,https://letterboxd.com/film/no-sudden-move/
Gunpowder Milkshake,2021,Primos de trineo,https://letterboxd.com/film/gunpowder-milkshake/
The Forever Purge,2021,El podcast champagne es así,https://letterboxd.com/film/the-forever-purge/
Pig,2021,El podcast champagne es así,https://letterboxd.com/film/pig-2021/
False Positive,2021,Nganga,https://letterboxd.com/film/false-positive/
Zola,2020,"Buenas tardes, buenas noches, buenos días, buenas tardes, buenas noches",https://letterboxd.com/film/zola/
The Empty Man,2020,"Buenas tardes, buenas noches, buenos días, buenas tardes, buenas noches",https://letterboxd.com/film/the-empty-man/
Val,2021,Pezones en situación de lactancia,https://letterboxd.com/film/val/
The Green Knight,2021,Le gusta tanto la noche que pegó un canje de pijamas,https://letterboxd.com/film/the-green-knight/
Annette,2021,"Por la vuelta del término ""fifar"" a los medios de comunicación",https://letterboxd.com/film/annette/
My Heart Can't Beat Unless You Tell It To,2020,Eyaculacionprecozshaming,https://letterboxd.com/film/my-heart-cant-beat-unless-you-tell-it-to/
Malignant,2021,HOLA HOY TRASNOCHE CÓMO ESTÁS CHUPAPIJA,https://letterboxd.com/film/malignant-2021/
Prisoners of the Ghostland,2021,HOLA HOY TRASNOCHE CÓMO ESTÁS CHUPAPIJA,https://letterboxd.com/film/prisoners-of-the-ghostland/
Candyman,2021,"Hoy Trasnoche, Hoy Trasnoche, Hoy Trasnoche, Hoy Trasnoche, Hoy Trasnoche",https://letterboxd.com/film/candyman-2021/
The Amusement Park,1975,Hoy.Trasnoche.Live.300921.Vilouta.Brown.Web-DL.AdultDiaperz,https://letterboxd.com/film/the-amusement-park/
Britney vs. Spears,2021,Se pone tu vulva y la usa de taparrabos,https://letterboxd.com/film/britney-vs-spears/
El prófugo,2020,Se pone tu vulva y la usa de taparrabos,https://letterboxd.com/film/the-intruder-2020/
The Night House,2020,Ojotas Bambino Veira,https://letterboxd.com/film/the-night-house/
Fever Dream,2021,Ojotas Bambino Veira,https://letterboxd.com/film/fever-dream-2021/
Titane,2021,Es como cagar pero para adentro,https://letterboxd.com/film/titane/
Lamb,2021,A un comentario de J. K. Rowling de que nos cancelen,https://letterboxd.com/film/lamb-2021/
The Medium,2021,No sé lo que es la droga,https://letterboxd.com/film/the-medium-2021/
Last Night in Soho,2021,Dura y pegada a la bolsa,https://letterboxd.com/film/last-night-in-soho/
Benedetta,2021,Dura y pegada a la bolsa,https://letterboxd.com/film/benedetta/
The Feast,2021,La Pachamama es más mala que Jason,https://letterboxd.com/film/the-feast-2021/
The Humans,2021,La Pachamama es más mala que Jason,https://letterboxd.com/film/the-humans/
Silent Night,2021,"""Ya hicimos una coreana""",https://letterboxd.com/film/silent-night-2021/
The Lost Daughter,2021,El llavero de Jaimito de Hoy Trasnoche,https://letterboxd.com/film/the-lost-daughter-2021/
The Last Picture Show,1971,Como una Coti Nosiglia del bien,https://letterboxd.com/film/the-last-picture-show/
The Innocents,2021,"Es como los grados de separación con Kevin Bacon, pero de cogerse gente",https://letterboxd.com/film/the-innocents-2021/
The Scary of Sixty-First,2021,This is agarrar la pala,https://letterboxd.com/film/the-scary-of-sixty-first/
Pleasure,2021,This is agarrar la pala,https://letterboxd.com/film/pleasure-2021/
House of Gucci,2021,Soy mala con la droga,https://letterboxd.com/film/house-of-gucci/
Parallel Mothers,2021,Soy mala con la droga,https://letterboxd.com/film/parallel-mothers/
Red Rocket,2021,Soy mala con la droga,https://letterboxd.com/film/red-rocket-2021/
Kimi,2022,Le comíamos el Nestún aka Prepucio compungido,https://letterboxd.com/film/kimi/
Texas Chainsaw Massacre,2022,Hace su entrada la bandera de Santiago del Estero,https://letterboxd.com/film/texas-chainsaw-massacre/
Scream,2022,Hace su entrada la bandera de Santiago del Estero,https://letterboxd.com/film/scream-2022/
Hellbender,2021,Buscando en Wikipedia a la tarde para repetirlo a la noche,https://letterboxd.com/film/hellbender/
Fresh,2022,El butt plug siempre con tope,https://letterboxd.com/film/fresh-2022/
Studio 666,2022,"Traigan tierra, que palas sobran",https://letterboxd.com/film/studio-666-2022/
Jackass Forever,2022,"Traigan tierra, que palas sobran",https://letterboxd.com/film/jackass-forever/
All Hail,2022,El día después de poronga,https://letterboxd.com/film/all-hail/
X,2022,Nosotros matamos a tu Mesías,https://letterboxd.com/film/x-2022/
Ambulance,2022,Hoy TrasWOKEche,https://letterboxd.com/film/ambulance-2022/
The Northman,2022,Hoy TrasWOKEche,https://letterboxd.com/film/the-northman/
To Kill the Beast,2021,Y en un momento todo se convierte en una letra de Walter Olmos,https://letterboxd.com/film/to-kill-the-beast/
The K.E.O.P/S System,2022,Acuosa profusa,https://letterboxd.com/film/the-keop-s-system/
Dark Glasses,2022,El camino a la felicidad no incluye asesinar,https://letterboxd.com/film/dark-glasses/
The Unbearable Weight of Massive Talent,2022,Un par de polvos tristes,https://letterboxd.com/film/the-unbearable-weight-of-massive-talent/
Everything Everywhere All at Once,2022,Menos orientales que el Chino Volpato,https://letterboxd.com/film/everything-everywhere-all-at-once/
The Sadness,2021,Menos orientales que el Chino Volpato,https://letterboxd.com/film/the-sadness-2021/
Men,2022,Les habló con el corazón y le respondieron con el bolsillo,https://letterboxd.com/film/men-2022/
Crimes of the Future,2022,Hijo de MC Hammer,https://letterboxd.com/film/crimes-of-the-future-2022/
The Black Phone,2021,Hijo de MC Hammer,https://letterboxd.com/film/the-black-phone/
Olaf,2022,Olaf es falo al revés,https://letterboxd.com/film/olaf/
They/Them,2022,Cagarse encima de grande,https://letterboxd.com/film/they-them-2022-1/
Prey,2022,"El ""aber kojan"" del proceso creativo",https://letterboxd.com/film/prey-2022/
Nope,2022,Haciendo caca en una planta,https://letterboxd.com/film/nope/
Glorious,2022,Entré por el glory hole y me quedé por lo otro,https://letterboxd.com/film/glorious-2022/
Fall,2022,¿Para esto mi abuela se puso en bolas?,https://letterboxd.com/film/fall-2022/
Vengeance,2022,¿Para esto mi abuela se puso en bolas?,https://letterboxd.com/film/vengeance-2022/
Emily the Criminal,2022,No le confiaria los corgis,https://letterboxd.com/film/emily-the-criminal/
Orphan: First Kill,2022,Viciosa como la madre,https://letterboxd.com/film/orphan-first-kill/
"Argentina, 1985",2022,Una coyuntura de mierda,https://letterboxd.com/film/argentina-1985/
Bodies Bodies Bodies,2022,¿Cómo te metés un podcast en el culo?,https://letterboxd.com/film/bodies-bodies-bodies/
Speak No Evil,2022,¿Cómo te metés un podcast en el culo?,https://letterboxd.com/film/speak-no-evil-2022/
30 Nights with My Ex,2022,Viste cómo son las minas,https://letterboxd.com/film/30-nights-with-my-ex/
Hellraiser,2022,El sostén emocional de una pareja en crisis,https://letterboxd.com/film/hellraiser-2022/
Halloween Ends,2022,El sostén emocional de una pareja en crisis,https://letterboxd.com/film/halloween-ends/
Barbarian,2022,El sostén emocional de una pareja en crisis,https://letterboxd.com/film/barbarian-2022/
Pearl,2022,El sostén emocional de una pareja en crisis,https://letterboxd.com/film/pearl-2022/
Terrifier 2,2022,La larga noche de los Benvenuto,https://letterboxd.com/film/terrifier-2/
Piggy,2022,Spielberg coge y llora,https://letterboxd.com/film/piggy-2022/
Incredible But True,2022,Spielberg coge y llora,https://letterboxd.com/film/incredible-but-true/
The Viewing,2022,Quiere Ouija,https://letterboxd.com/film/the-viewing/
The Marriage App,2022,Nuestro amigo hizo una película,https://letterboxd.com/film/the-marriage-app/
Violent Night,2022,Marcado una vez más la agenda cultural mundial,https://letterboxd.com/film/violent-night/
Christmas Bloody Christmas,2022,Marcado una vez más la agenda cultural mundial,https://letterboxd.com/film/christmas-bloody-christmas/
Glass Onion,2022,Todo lo que es el tema de la salud mental,https://letterboxd.com/film/glass-onion/
Bones and All,2022,Todo lo que es el tema de la salud mental,https://letterboxd.com/film/bones-and-all/
The Fabelmans,2022,Todo lo que es el tema de la salud mental,https://letterboxd.com/film/the-fabelmans/
Mad Heidi,2022,Los papitos separados,https://letterboxd.com/film/mad-heidi/
There's Something Wrong with the Children,2023,No me siento un poco bien,https://letterboxd.com/film/theres-something-wrong-with-the-children/
M3GAN,2022,No me siento un poco bien,https://letterboxd.com/film/m3gan/
Sick,2022,¿Esto se puede coger?,https://letterboxd.com/film/sick-2022/
I Wanna Dance with Somebody,2022,Los ángeles de la droga,https://letterboxd.com/film/i-wanna-dance-with-somebody/
Infinity Pool,2023,Sarah Connor: mamá luchona,https://letterboxd.com/film/infinity-pool/
She Said,2022,No me sale lo femenino,https://letterboxd.com/film/she-said-2022/
Women Talking,2022,No me sale lo femenino,https://letterboxd.com/film/women-talking/
The Whale,2022,Todos somos la segunda marca de alguien,https://letterboxd.com/film/the-whale-2022/
Missing,2023,Pobrecita: es bruta,https://letterboxd.com/film/missing-2023/
Cocaine Bear,2023,El buttplug y el juguete de perro son intercambiables,https://letterboxd.com/film/cocaine-bear/
John Wick: Chapter 4,2023,Podés ver Elsa y Fred o podés ver John Wick 4,https://letterboxd.com/film/john-wick-chapter-4/
Soft & Quiet,2022,Podés ver Elsa y Fred o podés ver John Wick 4,https://letterboxd.com/film/soft-quiet/
Kill Boksoon,2023,En ninguna situación el esperma de un hijo debe estar adentro de una madre,https://letterboxd.com/film/kill-boksoon/
Air,2023,Puntos suspensivos es sinónimo de coger,https://letterboxd.com/film/air-2023/
Inside,2023,El Aleph con Pablo y Pachu,https://letterboxd.com/film/inside-2023/
Renfield,2023,Tuvieron dos hijos influencers de cine,https://letterboxd.com/film/renfield/
Evil Dead Rise,2023,Tuvieron dos hijos influencers de cine,https://letterboxd.com/film/evil-dead-rise/
The Pope's Exorcist,2023,101: Es como caminar sobre cáscaras de huevo,https://letterboxd.com/film/the-popes-exorcist/
To Catch a Killer,2023,102: Menos timing que el Mono Mario,https://letterboxd.com/film/to-catch-a-killer-2023/
Sisu,2022,103: Greta Thunberg es la Juan Carr de ellos,https://letterboxd.com/film/sisu-2022/
Mantícora,2022,104: Le sacaste el riñón a uno que necesitaba el trasplante,https://letterboxd.com/film/manticore-2022/
Reality,2023,105: Un mondongo adentro de una pelota,https://letterboxd.com/film/reality-2023/
Master Gardener,2022,106: Con el CBU abierto,https://letterboxd.com/film/master-gardener/
Beau Is Afraid,2023,107: Tengo que hurgar un perro en Uruguay,https://letterboxd.com/film/beau-is-afraid/
BlackBerry,2023,El Show de Flor: Wes Anderson no quiere ver tu video de mierda,https://letterboxd.com/film/blackberry-2023/
Indiana Jones and the Dial of Destiny,2023,El Show de Flor: qué pingo será un dial,https://letterboxd.com/film/indiana-jones-and-the-dial-of-destiny/
"Are You There God? It's Me, Margaret.",2023,"El Show de Flor: Ella tosió, yo tosí y nadie rio",https://letterboxd.com/film/are-you-there-god-its-me-margaret/
Sanctuary,2022,"El Show de Flor: Ella tosió, yo tosí y nadie rio",https://letterboxd.com/film/sanctuary-2022/
Asteroid City,2023,El Show de Flor: Meando las puertas de Versalles,https://letterboxd.com/film/asteroid-city/
Oppenheimer,2023,108: Parece un video de Brazzers,https://letterboxd.com/film/oppenheimer-2023/
Barbie,2023,108: Parece un video de Brazzers,https://letterboxd.com/film/barbie/
Limbo,2023,109: El festival de los arruinaguacho,https://letterboxd.com/film/limbo-2023-1/
Sound of Freedom,2023,110: Ese es el problema de la democracia,https://letterboxd.com/film/sound-of-freedom/
Insidious: The Red Door,2023,110: Ese es el problema de la democracia,https://letterboxd.com/film/insidious-the-red-door/
Cruising,1980,111: Se fue un gran amigo,https://letterboxd.com/film/cruising/
Bama Rush,2023,112: Lars Von Trier es Gerardo Romano con talento,https://letterboxd.com/film/bama-rush/
Beyond Human Nature,2023,112: Lars Von Trier es Gerardo Romano con talento,https://letterboxd.com/film/beyond-human-nature/
Blue Beetle,2023,113: La que le sacó la nariz a Voldemort,https://letterboxd.com/film/blue-beetle/
Talk to Me,2022,114: Moyano o Mad Max,https://letterboxd.com/film/talk-to-me-2022/
Perpetrator,2023,115: Es como coger con alguien que trabaja en el Puerto de frutos,https://letterboxd.com/film/perpetrator/
El Conde,2023,116: Hay un hilo rojo entre vos y los copitos,https://letterboxd.com/film/el-conde/
Rotting in the Sun,2023,117: Te falta el vocoder y sos Magnetto,https://letterboxd.com/film/rotting-in-the-sun/
Expend4bles,2023,118: Si yo voy a ver esta película vos también,https://letterboxd.com/film/expend4bles/
Saw X,2023,119: Con el pelado de El Transportador,https://letterboxd.com/film/saw-x/
Good Boy,2022,120: La gente va a ver a Jason Fanacoa sin remera,https://letterboxd.com/film/good-boy-2022/
Killers of the Flower Moon,2023,121: Este es mi San Andreas,https://letterboxd.com/film/killers-of-the-flower-moon/
Anatomy of a Fall,2023,"122: No se va a electrocutar, ya sabe",https://letterboxd.com/film/anatomy-of-a-fall/
Five Nights at Freddy's,2023,123: Fresca como en esa esquina de Gesell,https://letterboxd.com/film/five-nights-at-freddys/
The Pigeon Tunnel,2023,123: Fresca como en esa esquina de Gesell,https://letterboxd.com/film/the-pigeon-tunnel/
Cuando acecha la maldad,2023,"124: Pan para hoy, agua para mañana",https://letterboxd.com/film/when-evil-lurks/
Suitable Flesh,2023,125: El ASMR de Julio Bárbaro,https://letterboxd.com/film/suitable-flesh/
Where the Devil Roams,2023,126: Yo ya lo puse en el mismo estante de Jared Leto,https://letterboxd.com/film/where-the-devil-roams/
Slotherhouse,2023,127: Necesitamos un debate más profundo sobre el rol de las franquicias en Hollywood,https://letterboxd.com/film/slotherhouse/
Manodrome,2023,127: Necesitamos un debate más profundo sobre el rol de las franquicias en Hollywood,https://letterboxd.com/film/manodrome/
The Holdovers,2023,127: Necesitamos un debate más profundo sobre el rol de las franquicias en Hollywood,https://letterboxd.com/film/the-holdovers/
Showing Up,2022,128: El podcast que habla de cine sin el celular en la mano,https://letterboxd.com/film/showing-up-2022/
There's Something in the Barn,2023,129: Qué podés spoilear de una película con un elfo malo,https://letterboxd.com/film/theres-something-in-the-barn/
Maestro,2023,130: Nunca se vio a un virgo cogerse a tanta gente en tan poco tiempo,https://letterboxd.com/film/maestro-2023/
Priscilla,2023,No llegó la merluza pero tengo Loretta Preska,https://letterboxd.com/film/priscilla/
Saltburn,2023,No llegó la merluza pero tengo Loretta Preska,https://letterboxd.com/film/saltburn/
La sociedad de la nieve,2023,En la boca llevarás sabor a mí,https://letterboxd.com/film/society-of-the-snow/
Poor Things,2023,134: El griego que usa el 6mm mejor que los de MDQ,https://letterboxd.com/film/poor-things-2023/
Ferrari,2023,135: Te la acordás como si hubieras estado en un accidente,https://letterboxd.com/film/ferrari-2023/
American Fiction,2023,136: Yo de bebé me ponía el chupete corte fierro en la cintura,https://letterboxd.com/film/american-fiction/
Aquaman and the Lost Kingdom,2023,137: Nadie conoce a un hincha de Vélez feat El Negro Martí,https://letterboxd.com/film/aquaman-and-the-lost-kingdom/
The Zone of Interest,2023,138: Debe tener la plata con intereses en Mercadopago,https://letterboxd.com/film/the-zone-of-interest/
Coup de Chance,2023,139: Tiene una estrella en el póster y una estrella en la guía Maltin,https://letterboxd.com/film/coup-de-chance/
The Palace,2023,139: Tiene una estrella en el póster y una estrella en la guía Maltin,https://letterboxd.com/film/the-palace-2023/
Jaque Mate,2024,140: No te lo va a tomar ninguna prepaga,https://letterboxd.com/film/jaque-mate/
Drive-Away Dolls,2024,141: Los filmbros tomaron posesión del control remoto en una casa sin novia,https://letterboxd.com/film/drive-away-dolls/
Madame Web,2024,142: Tres personas que no saben opinan de salud mental,https://letterboxd.com/film/madame-web/
El viento que arrasa,2023,143: Le estás pidiendo empatía a un actor,https://letterboxd.com/film/a-ravaging-wind/
Los colonos,2023,144: Ella aprendió feminismo de Bizarrap,https://letterboxd.com/film/the-settlers-2023/
Femme,2023,145: Lo mas cercano que estaba de Jim Morrison era ahogarse en una bañadera,https://letterboxd.com/film/femme-2023/
Immaculate,2024,"146: Vas y el verdulero te dice ""no es temporada de papayas""",https://letterboxd.com/film/immaculate-2024/
Late Night with the Devil,2023,"147: ""Podés, pero un poquito"", le dijo el doctor Cahe",https://letterboxd.com/film/late-night-with-the-devil/
Whisky,2004,148: El capítulo más largo de la historia de Hoy Trasnoche feat Pablo Stoll,https://letterboxd.com/film/whisky/
El Ciudadano Modelo,2024,"149: Esta es una bolsa con mierda, esta es una película mala",https://letterboxd.com/film/el-ciudadano-modelo/
El kiosco,2019,"149: Esta es una bolsa con mierda, esta es una película mala",https://letterboxd.com/film/drugstore/
Godzilla Minus One,2023,"150: No me podría chupar más un huevo, pero contame",https://letterboxd.com/film/godzilla-minus-one/
La mesita del comedor,2022,151: Mamá siente cosas en la entrepierna por Kevin Costner,https://letterboxd.com/film/the-coffee-table/
Tarot,2024,152: Hemos llegado a un nivel de profundidad impensado,https://letterboxd.com/film/tarot-2024/
Después de un buen día,2024,153: La droga te hace confundir mucho el uno con el dos feat. Néstor Frenkel,https://letterboxd.com/film/despues-de-un-buen-dia/
Under Paris,2024,154: Cómo puede ser que tardes una hora en mostrar el tiburón,https://letterboxd.com/film/under-paris/
I Used to Be Funny,2023,155: Correte que no están hablando de vos ni van a hablar nunca,https://letterboxd.com/film/i-used-to-be-funny/
The Beast,2023,"156: Me decís """"dejar su marca"""" y pienso en una frenada en un indodo",https://letterboxd.com/film/the-beast-2023-1/
The Watchers,2024,"157: Alguien vio a un hada y dijo ""esto se puede coger""",https://letterboxd.com/film/the-watchers-2024/
The Bikeriders,2023,158: Si te hace bullying alguien con voz de ardilla es bullying igual,https://letterboxd.com/film/the-bikeriders/
Horizon: An American Saga – Chapter 1,2024,159: Pasto que pisa este Ford no hay chivo que se lo coma,https://letterboxd.com/film/horizon-an-american-saga-chapter-1/
Thelma,2024,160: Once paquetes de yerba con camisetitas de fútbol,https://letterboxd.com/film/thelma-2024/
Deadpool & Wolverine,2024,161: Es como ponerle nenes en shortcito enfrente a un cura feat. el Negro Martí,https://letterboxd.com/film/deadpool-wolverine/
MaXXXine,2024,162: A Zaslav lo tienen que sacar como a Ceausescu de Rumania,https://letterboxd.com/film/maxxxine/
El escuerzo,2023,163: Hace videos de vida minimalista en YouTube y de las cosas que tenés que comprar para poder vivirla feat Augusto Sinay,https://letterboxd.com/film/the-horned-frog/
Kinds of Kindness,2024,164: Parece el póster de una de esas de Bruce Willis antes de que nos cuenten lo que le estaba pasando,https://letterboxd.com/film/kinds-of-kindness/
Longlegs,2024,165: Falta que se le muera la madre y que diga que es Bambi,https://letterboxd.com/film/longlegs/
The Deliverance,2024,166: Es como que el creador de Peaky Blinders diga que está en contra de las barberías,https://letterboxd.com/film/the-deliverance-2024/
